question,answer
Q0 from placeholder,A0 from placeholder
Q1 from placeholder,A1 from placeholder
Q2 from placeholder,A2 from placeholder
Q3 from placeholder,A3 from placeholder
Q4 from placeholder,A4 from placeholder
Q5 from placeholder,A5 from placeholder
Q6 from placeholder,A6 from placeholder
Q7 from placeholder,A7 from placeholder
Q8 from placeholder,A8 from placeholder
Q9 from placeholder,A9 from placeholder
Q10 from placeholder,A10 from placeholder
Q11 from placeholder,A11 from placeholder
Q12 from placeholder,A12 from placeholder
Q13 from placeholder,A13 from placeholder
Q14 from placeholder,A14 from placeholder
Q15 from placeholder,A15 from placeholder
Q16 from placeholder,A16 from placeholder
Q17 from placeholder,A17 from placeholder
Q18 from placeholder,A18 from placeholder
Q19 from placeholder,A19 from placeholder
